{"cameraMode":{"drawMode":0,"name":"Shaded","section":"Shading Mode"},"sceneLighting":true,"audioPlay":false,"sceneViewState":{"showFog":true,"showMaterialUpdate":true,"showSkybox":true,"showFlares":true,"showImageEffects":true,"showParticleSystems":true},"in2DMode":false,"pivot":{"x":-51.00447082519531,"y":-1.4539897441864014,"z":-28.723121643066408},"rotation":{"x":-0.013246721588075161,"y":0.8541792631149292,"z":-0.021786700934171678,"w":-0.5193531513214111},"size":76.29434967041016,"orthographic":false}