{"cameraMode":{"drawMode":0,"name":"Shaded","section":"Shading Mode"},"sceneLighting":false,"audioPlay":false,"sceneViewState":{"showFog":true,"showMaterialUpdate":true,"showSkybox":true,"showFlares":true,"showImageEffects":true,"showParticleSystems":true},"in2DMode":false,"pivot":{"x":-0.06963160634040833,"y":0.09288178384304047,"z":4.996862888336182},"rotation":{"x":0.019497785717248918,"y":0.009001826867461205,"z":0.00017556837701704353,"w":-0.999769389629364},"size":6.271579265594482,"orthographic":false}